{
  "version": 1,
  "profiles": [
    {
      "id": "eyfs",
      "label": "EYFS (ages 3-5)",
      "description": "Maximum filtering, aggressive mode on, block adult searches and risky domains.",
      "sensitivity": 90,
      "aggressive": true,
      "allowlist": [],
      "blocklist": [
        "reddit.com",
        "imgur.com",
        "x.com",
        "discord.com"
      ],
      "requirePin": true
    },
    {
      "id": "ks1",
      "label": "Key Stage 1 (ages 5-7)",
      "description": "High sensitivity with aggressive mode enabled; social media blocked.",
      "sensitivity": 80,
      "aggressive": true,
      "allowlist": [],
      "blocklist": [
        "reddit.com",
        "imgur.com",
        "x.com",
        "discord.com",
        "tiktok.com"
      ],
      "requirePin": true
    },
    {
      "id": "ks2",
      "label": "Key Stage 2 (ages 7-11)",
      "description": "Balanced filtering; aggressive mode on; add trusted learning portals as needed.",
      "sensitivity": 70,
      "aggressive": true,
      "allowlist": [
        "bbc.co.uk",
        "natgeokids.com",
        "duolingo.com"
      ],
      "blocklist": [
        "reddit.com",
        "imgur.com",
        "tiktok.com",
        "instagram.com"
      ],
      "requirePin": true
    },
    {
      "id": "ks3",
      "label": "Key Stage 3 (ages 11-14)",
      "description": "Moderate sensitivity; aggressive mode optional; supports curriculum research.",
      "sensitivity": 60,
      "aggressive": false,
      "allowlist": [
        "bbc.co.uk",
        "theguardian.com/education"
      ],
      "blocklist": [
        "pornhub.com",
        "onlyfans.com",
        "tiktok.com",
        "snapchat.com"
      ],
      "requirePin": true
    },
    {
      "id": "ks4",
      "label": "Key Stage 4 & Post-16",
      "description": "Standard sensitivity; aggressive mode optional; overrides still require PIN.",
      "sensitivity": 50,
      "aggressive": false,
      "allowlist": [],
      "blocklist": [
        "pornhub.com",
        "onlyfans.com"
      ],
      "requirePin": true
    }
  ]
}
